;K23_kasutuskolbmatud_tekstiilid;K23_kasutuskolbmatud_tekstiilid_1;K23_kasutuskolbmatud_tekstiilid_2;K23_kasutuskolbmatud_tekstiilid_3;K23_kasutuskolbmatud_tekstiilid_4;K23_kasutuskolbmatud_tekstiilid_5;K23_kasutuskolbmatud_tekstiilid_6;K23_kasutuskolbmatud_tekstiilid_7;K23_kasutuskolbmatud_tekstiilid_muu_tekst
0;Rõivakonteineritesse, Panen olmejäätme prügikonteinerisse, Viin eraldi jäätmejaama;1;0;1;0;0;0;1;Panen olmejäätme prügikonteinerisse
1;Panen olmejäätme prügikonteinerisse, Mina olen siiani ainult Tallinnas näinud katkiste tekstiilide jaoks mõeldud konteinereid ja väga kulukas oleks ekstra nt Pärnust jne kaugemalt tuua neid spets tallinna;0;0;0;0;0;0;1;Panen olmejäätme prügikonteinerisse,Mina olen siiani ainult Tallinnas näinud katkiste tekstiilide jaoks mõeldud konteinereid ja väga kulukas oleks ekstra nt Pärnust jne kaugemalt tuua neid spets tallinna
2;Rõivakonteineritesse, Viin eraldi jäätmejaama;1;0;1;0;0;0;0;
3;Panen segaolmejäätme prügikonteinerisse;0;1;0;0;0;0;0;
4;Rõivakonteineritesse, Panen segaolmejäätme prügikonteinerisse;1;1;0;0;0;0;0;
5;Panen olmejäätme prügikonteinerisse;0;0;0;0;0;0;1;Panen olmejäätme prügikonteinerisse
6;selleks eraldi ettenähtud konteiner (mitte see, kuhu kasutuskõlbulikid riided käivad) ;0;0;0;0;0;0;1;selleks eraldi ettenähtud konteiner (mitte see,kuhu kasutuskõlbulikid riided käivad)
7;Panen segaolmejäätme prügikonteinerisse;0;1;0;0;0;0;0;
8;Kui oleks mugavam, tahaks viia sobivasse konteinerisse või jäätmejaama. H&M poed korjavad ümbertöötlemiseks. Praegu on veel kodus ees, kuna tavaprügisse visata ei tahaks ja korralike riiete kogumiskasti ei sobiks. Mugav variant hetkel puudub.;0;0;0;0;0;0;1;Kui oleks mugavam,tahaks viia sobivasse konteinerisse või jäätmejaama. H&M poed korjavad ümbertöötlemiseks. Praegu on veel kodus ees,kuna tavaprügisse visata ei tahaks ja korralike riiete kogumiskasti ei sobiks. Mugav variant hetkel puudub.
9;Ei tea, sest mina ei vastuta selle tegevuse eest enda leibkonnas;0;0;0;0;0;1;0;
10;Ei tea, sest mina ei vastuta selle tegevuse eest enda leibkonnas;0;0;0;0;0;1;0;
11;Rõivakonteineritesse;1;0;0;0;0;0;0;
12;Viin kohalikku kirbukasse, sest mujale pole meie väikses külas ja selle ümbruses neid kuhugi viia;0;0;0;0;0;0;1;Viin kohalikku kirbukasse,sest mujale pole meie väikses külas ja selle ümbruses neid kuhugi viia
13;Panen segaolmejäätme prügikonteinerisse;0;1;0;0;0;0;0;
14;Panen segaolmejäätme prügikonteinerisse;0;1;0;0;0;0;0;
15;Ei tea, sest mina ei vastuta selle tegevuse eest enda leibkonnas;0;0;0;0;0;1;0;
16;Panen olmejäätme prügikonteinerisse, Viin eraldi jäätmejaama;0;0;1;0;0;0;1;Panen olmejäätme prügikonteinerisse
17;Panen olmejäätme prügikonteinerisse;0;0;0;0;0;0;1;Panen olmejäätme prügikonteinerisse
18;.;0;0;0;0;0;0;1;.
19;Põletan kodus;0;0;0;1;0;0;0;
20;Rõivakonteineritesse, Panen segaolmejäätme prügikonteinerisse;1;1;0;0;0;0;0;
21;Rõivakonteineritesse;1;0;0;0;0;0;0;
22;Viin eraldi jäätmejaama;0;0;1;0;0;0;0;
23;H&Mi kogumispunkti;0;0;0;0;0;0;1;H&Mi kogumispunkti
24;Viin eraldi jäätmejaama;0;0;1;0;0;0;0;
25;Panen olmejäätme prügikonteinerisse;0;0;0;0;0;0;1;Panen olmejäätme prügikonteinerisse
26;Panen olmejäätme prügikonteinerisse, Kasutan muul otstarbel, nt kaltsudeks;0;0;0;0;0;0;1;Panen olmejäätme prügikonteinerisse,Kasutan muul otstarbel,nt kaltsudeks
27;Kasutan materjale võimalikult (koospüsimise) lõpuni, s.t pesu-, puhastus jm majapidamislappideks, peenestatult täitematerjaliks, ribastatult vaibamaterjaliks jne. Juhendan rahvaülikoolis jm klubides nn loomingulise taaskasutuse õpitöötubasid, kus kasutame erinevaid tekstiilide ning looduslike kiudude-materjalide jääke  ;0;0;0;0;0;0;1;Kasutan materjale võimalikult (koospüsimise) lõpuni,s.t pesu-,puhastus jm majapidamislappideks,peenestatult täitematerjaliks,ribastatult vaibamaterjaliks jne. Juhendan rahvaülikoolis jm klubides nn loomingulise taaskasutuse õpitöötubasid,kus kasutame erinevaid tekstiilide ning looduslike kiudude-materjalide jääke
28;Rõivakonteineritesse, Viin eraldi jäätmejaama;1;0;1;0;0;0;0;
29;Kasutan koristus- ja puhastustöödes, käsitööks.;0;0;0;0;0;0;1;Kasutan koristus- ja puhastustöödes,käsitööks.
30;Panen olmejäätme prügikonteinerisse, Põletan kodus;0;0;0;1;0;0;1;Panen olmejäätme prügikonteinerisse
31;Rõivakonteineritesse, Panen olmejäätme prügikonteinerisse;1;0;0;0;0;0;1;Panen olmejäätme prügikonteinerisse
32;Panen olmejäätme prügikonteinerisse, Viin eraldi jäätmejaama;0;0;1;0;0;0;1;Panen olmejäätme prügikonteinerisse
33;Rõivakonteineritesse, Panen olmejäätme prügikonteinerisse, Põletan kodus;1;0;0;1;0;0;1;Panen olmejäätme prügikonteinerisse
34;Rõivakonteineritesse, Panen olmejäätme prügikonteinerisse;1;0;0;0;0;0;1;Panen olmejäätme prügikonteinerisse
35;Panen olmejäätme prügikonteinerisse;0;0;0;0;0;0;1;Panen olmejäätme prügikonteinerisse
36;Rõivakonteineritesse;1;0;0;0;0;0;0;
37;Ei tea, sest mina ei vastuta selle tegevuse eest enda leibkonnas;0;0;0;0;0;1;0;
38;Rõivakonteineritesse;1;0;0;0;0;0;0;
39;Rõivakonteineritesse;1;0;0;0;0;0;0;
40;Rõivakonteineritesse;1;0;0;0;0;0;0;
41;Rõivakonteineritesse;1;0;0;0;0;0;0;
42;Panen segaolmejäätme prügikonteinerisse;0;1;0;0;0;0;0;
43;Rõivakonteineritesse, Põletan kodus;1;0;0;1;0;0;0;
44;Rõivakonteineritesse;1;0;0;0;0;0;0;
45;Rõivakonteineritesse;1;0;0;0;0;0;0;
46;"Lõikan ribadeks ja koon vaibaks; puhastuslappideks ";0;0;0;0;0;0;1;"Lõikan ribadeks ja koon vaibaks; puhastuslappideks"
47;Rõivakonteineritesse, Panen segaolmejäätme prügikonteinerisse;1;1;0;0;0;0;0;
48;Panen segaolmejäätme prügikonteinerisse;0;1;0;0;0;0;0;
49;Panen segaolmejäätme prügikonteinerisse;0;1;0;0;0;0;0;
50;Ei tea, sest mina ei vastuta selle tegevuse eest enda leibkonnas;0;0;0;0;0;1;0;
51;Rõivakonteineritesse;1;0;0;0;0;0;0;
52;Rõivakonteineritesse;1;0;0;0;0;0;0;
53;HM;0;0;0;0;0;0;1;HM
54;Rõivakonteineritesse;1;0;0;0;0;0;0;
55;Rõivakonteineritesse, Panen segaolmejäätme prügikonteinerisse;1;1;0;0;0;0;0;
56;Panen segaolmejäätme prügikonteinerisse;0;1;0;0;0;0;0;
57;Panen segaolmejäätme prügikonteinerisse;0;1;0;0;0;0;0;
58;Rõivakonteineritesse;1;0;0;0;0;0;0;
59;Panen segaolmejäätme prügikonteinerisse;0;1;0;0;0;0;0;
60;Rõivakonteineritesse;1;0;0;0;0;0;0;
61;Rõivakonteineritesse, Kasutan kodus kaltsudena ning peale täielikku kasutust põletan/ panen olmesse.;1;0;0;0;0;0;1;Kasutan kodus kaltsudena ning peale täielikku kasutust põletan/ panen olmesse.
62;Panen olmejäätme prügikonteinerisse;0;0;0;0;0;0;1;Panen olmejäätme prügikonteinerisse
63;Panen olmejäätme prügikonteinerisse;0;0;0;0;0;0;1;Panen olmejäätme prügikonteinerisse
64;Panen olmejäätme prügikonteinerisse;0;0;0;0;0;0;1;Panen olmejäätme prügikonteinerisse
65;Panen olmejäätme prügikonteinerisse;0;0;0;0;0;0;1;Panen olmejäätme prügikonteinerisse
66;Rõivakonteineritesse, Viin poodi tagasi ja saan sooduskupongi.;1;0;0;0;0;0;1;Viin poodi tagasi ja saan sooduskupongi.
67;Rõivakonteineritesse;1;0;0;0;0;0;0;
68;HM kauplustes kogumiskastidesse;0;0;0;0;0;0;1;HM kauplustes kogumiskastidesse
69;Rõivakonteineritesse, Panen olmejäätme prügikonteinerisse, Loomade varjupaika;1;0;0;0;0;0;1;Panen olmejäätme prügikonteinerisse,Loomade varjupaika
70;Rõivakonteineritesse, Panen olmejäätme prügikonteinerisse;1;0;0;0;0;0;1;Panen olmejäätme prügikonteinerisse
71;Rõivakonteineritesse;1;0;0;0;0;0;0;
72;Panen olmejäätme prügikonteinerisse, Muudan kodus tolmulappideks voi kaltsuvaipadeks;0;0;0;0;0;0;1;Panen olmejäätme prügikonteinerisse,dan kodus tolmulappideks voi kaltsuvaipadeks
73;Viin eraldi jäätmejaama;0;0;1;0;0;0;0;
74;Rõivakonteineritesse;1;0;0;0;0;0;0;
75;Panen olmejäätme prügikonteinerisse;0;0;0;0;0;0;1;Panen olmejäätme prügikonteinerisse
76;Rõivakonteineritesse, Viin eraldi jäätmejaama;1;0;1;0;0;0;0;
77;Panen olmejäätme prügikonteinerisse, Põletan kodus, Ukraina ;0;0;0;1;0;0;1;Panen olmejäätme prügikonteinerisse,Ukraina
78;Panen olmejäätme prügikonteinerisse, kasutan kaltsuna vms ja lõpuks jõuab olmeprügisse;0;0;0;0;0;0;1;Panen olmejäätme prügikonteinerisse,kasutan kaltsuna vms ja lõpuks jõuab olmeprügisse
79;Rõivakonteineritesse;1;0;0;0;0;0;0;
80;Rõivakonteineritesse, Põletan kodus;1;0;0;1;0;0;0;
81;Rõivakonteineritesse, Panen olmejäätme prügikonteinerisse, Kodutekstiil- loomadehojupaika;1;0;0;0;0;0;1;Panen olmejäätme prügikonteinerisse,Kodutekstiil- loomadehojupaika
82;Viin eraldi jäätmejaama;0;0;1;0;0;0;0;
83;Panen olmejäätme prügikonteinerisse;0;0;0;0;0;0;1;Panen olmejäätme prügikonteinerisse
84;Panen segaolmejäätme prügikonteinerisse;0;1;0;0;0;0;0;
85;Viin eraldi jäätmejaama;0;0;1;0;0;0;0;
86;Rõivakonteineritesse, Suurte perede keskus;1;0;0;0;0;0;1;Suurte perede keskus
87;Panen segaolmejäätme prügikonteinerisse, Viin eraldi jäätmejaama;0;1;1;0;0;0;0;
88;H&M tekstiili kogumiskasti;0;0;0;0;0;0;1;H&M tekstiili kogumiskasti
89;Rõivakonteineritesse, Panen segaolmejäätme prügikonteinerisse;1;1;0;0;0;0;0;
90;Viin eraldi jäätmejaama;0;0;1;0;0;0;0;
91;Panen segaolmejäätme prügikonteinerisse;0;1;0;0;0;0;0;
92;Panen segaolmejäätme prügikonteinerisse;0;1;0;0;0;0;0;
93;Panen segaolmejäätme prügikonteinerisse;0;1;0;0;0;0;0;
94;Rõivakonteineritesse, Panen segaolmejäätme prügikonteinerisse;1;1;0;0;0;0;0;
95;Panen segaolmejäätme prügikonteinerisse;0;1;0;0;0;0;0;
96;Rõivakonteineritesse, Viin eraldi jäätmejaama;1;0;1;0;0;0;0;
97;Viin eraldi jäätmejaama;0;0;1;0;0;0;0;
98;Viin eraldi jäätmejaama;0;0;1;0;0;0;0;
99;Panen segaolmejäätme prügikonteinerisse;0;1;0;0;0;0;0;
100;Panen segaolmejäätme prügikonteinerisse;0;1;0;0;0;0;0;
101;Panen segaolmejäätme prügikonteinerisse, Viin eraldi jäätmejaama;0;1;1;0;0;0;0;
102;Panen segaolmejäätme prügikonteinerisse;0;1;0;0;0;0;0;
103;Panen segaolmejäätme prügikonteinerisse;0;1;0;0;0;0;0;
104;Rõivakonteineritesse;1;0;0;0;0;0;0;
105;Panen segaolmejäätme prügikonteinerisse;0;1;0;0;0;0;0;
106;Rõivakonteineritesse;1;0;0;0;0;0;0;
107;Rõivakonteineritesse;1;0;0;0;0;0;0;
108;Panen segaolmejäätme prügikonteinerisse;0;1;0;0;0;0;0;
109;Rõivakonteineritesse;1;0;0;0;0;0;0;
110;Panen segaolmejäätme prügikonteinerisse;0;1;0;0;0;0;0;
111;Panen segaolmejäätme prügikonteinerisse, Põletan kodus;0;1;0;1;0;0;0;
112;Panen segaolmejäätme prügikonteinerisse;0;1;0;0;0;0;0;
113;H&M kogumiskast;0;0;0;0;0;0;1;H&M kogumiskast
114;Panen segaolmejäätme prügikonteinerisse;0;1;0;0;0;0;0;
115;Rõivakonteineritesse;1;0;0;0;0;0;0;
116;Rõivakonteineritesse, Panen segaolmejäätme prügikonteinerisse;1;1;0;0;0;0;0;
117;Rõivakonteineritesse, Panen segaolmejäätme prügikonteinerisse;1;1;0;0;0;0;0;
118;Panen segaolmejäätme prügikonteinerisse;0;1;0;0;0;0;0;
119;Panen segaolmejäätme prügikonteinerisse;0;1;0;0;0;0;0;
120;Panen segaolmejäätme prügikonteinerisse;0;1;0;0;0;0;0;
121;Panen segaolmejäätme prügikonteinerisse, Viin eraldi jäätmejaama;0;1;1;0;0;0;0;
122;Viin eraldi jäätmejaama, Olen viinud HMi kogumiskasti;0;0;1;0;0;0;1;Olen viinud HMi kogumiskasti
123;Rõivakonteineritesse, Panen segaolmejäätme prügikonteinerisse;1;1;0;0;0;0;0;
124;Mehele garaazi ja hiljem jäätmejaama. Kuni 2025 olmeprügisse;0;0;0;0;0;0;1;Mehele garaazi ja hiljem jäätmejaama. Kuni 2025 olmeprügisse
125;Panen segaolmejäätme prügikonteinerisse;0;1;0;0;0;0;0;
126;Panen segaolmejäätme prügikonteinerisse;0;1;0;0;0;0;0;
127;Panen segaolmejäätme prügikonteinerisse, Viin eraldi jäätmejaama;0;1;1;0;0;0;0;
128;Rõivakonteineritesse;1;0;0;0;0;0;0;
129;Panen segaolmejäätme prügikonteinerisse, Viin eraldi jäätmejaama;0;1;1;0;0;0;0;
130;Ei tea, sest mina ei vastuta selle tegevuse eest enda leibkonnas;0;0;0;0;0;1;0;
131;Rõivakonteineritesse, Panen segaolmejäätme prügikonteinerisse;1;1;0;0;0;0;0;
132;Panen segaolmejäätme prügikonteinerisse, Viin eraldi jäätmejaama, Põletan kodus;0;1;1;1;0;0;0;
133;Panen segaolmejäätme prügikonteinerisse, Kasutan kaltsuna;0;1;0;0;0;0;1;Kasutan kaltsuna
134;Panen segaolmejäätme prügikonteinerisse;0;1;0;0;0;0;0;
135;Rõivakonteineritesse;1;0;0;0;0;0;0;
136;H&Mi kogumiskasti (kirjas et võib viia igasuguses seisukorras riideesemeid);0;0;0;0;0;0;1;H&Mi kogumiskasti (kirjas et võib viia igasuguses seisukorras riideesemeid)
137;Rõivakonteineritesse;1;0;0;0;0;0;0;
138;H&M kauplused;0;0;0;0;0;0;1;H&M kauplused
139;Rõivakonteineritesse, Panen segaolmejäätme prügikonteinerisse;1;1;0;0;0;0;0;
140;Panen segaolmejäätme prügikonteinerisse;0;1;0;0;0;0;0;
141;Viin H&Mi kogumiskasti, kus võetakse vastu igas seisukorras tekstiile;0;0;0;0;0;0;1;Viin H&Mi kogumiskasti,kus võetakse vastu igas seisukorras tekstiile
142;Panen segaolmejäätme prügikonteinerisse;0;1;0;0;0;0;0;
143;Pole kokku puutunud kasutuskõlbmatute riietega. ;0;0;0;0;0;0;1;Pole kokku puutunud kasutuskõlbmatute riietega.
144;H&M tekstiilikonteinerid;0;0;0;0;0;0;1;H&M tekstiilikonteinerid
145;Panen segaolmejäätme prügikonteinerisse;0;1;0;0;0;0;0;
146;Panen segaolmejäätme prügikonteinerisse;0;1;0;0;0;0;0;
147;Rõivakonteineritesse, Panen segaolmejäätme prügikonteinerisse, Annan pojale rattaremondil vajalike puhastuskaltsudena;1;1;0;0;0;0;1;Annan pojale rattaremondil vajalike puhastuskaltsudena
148;Panen segaolmejäätme prügikonteinerisse;0;1;0;0;0;0;0;
149;Viin eraldi jäätmejaama;0;0;1;0;0;0;0;
150;Põletan kodus, Taaskasutan erinevate projektide jaoks;0;0;0;1;0;0;1;Taaskasutan erinevate projektide jaoks
151;Panen segaolmejäätme prügikonteinerisse, Teen kaltsud;0;1;0;0;0;0;1;Teen kaltsud
152;Rõivakonteineritesse, Panen olmejäätme prügikonteinerisse;1;0;0;0;0;0;1;Panen olmejäätme prügikonteinerisse
153;Viin eraldi jäätmejaama;0;0;1;0;0;0;0;
154;Rõivakonteineritesse;1;0;0;0;0;0;0;
155;Panen olmejäätme prügikonteinerisse, Tekstiilitakso;0;0;0;0;0;0;1;Panen olmejäätme prügikonteinerisse,Tekstiilitakso
156;Panen olmejäätme prügikonteinerisse;0;0;0;0;0;0;1;Panen olmejäätme prügikonteinerisse
157;Rõivakonteineritesse, Põletan kodus;1;0;0;1;0;0;0;
158;Panen olmejäätme prügikonteinerisse, Viin eraldi jäätmejaama;0;0;1;0;0;0;1;Panen olmejäätme prügikonteinerisse
159;Viin eraldi jäätmejaama;0;0;1;0;0;0;0;
160;Rõivakonteineritesse;1;0;0;0;0;0;0;
161;Ei tea, sest mina ei vastuta selle tegevuse eest enda leibkonnas;0;0;0;0;0;1;0;
162;Rõivakonteineritesse;1;0;0;0;0;0;0;
163;Rõivakonteineritesse;1;0;0;0;0;0;0;
164;Ei tea, sest mina ei vastuta selle tegevuse eest enda leibkonnas;0;0;0;0;0;1;0;
165;Rõivakonteineritesse;1;0;0;0;0;0;0;
166;Rõivakonteineritesse;1;0;0;0;0;0;0;
167;Rõivakonteineritesse;1;0;0;0;0;0;0;
168;Panen segaolmejäätme prügikonteinerisse;0;1;0;0;0;0;0;
169;Rõivakonteineritesse;1;0;0;0;0;0;0;
170;Rõivakonteineritesse;1;0;0;0;0;0;0;
171;Panen segaolmejäätme prügikonteinerisse;0;1;0;0;0;0;0;
172;Rõivakonteineritesse;1;0;0;0;0;0;0;
173;Rõivakonteineritesse, Panen segaolmejäätme prügikonteinerisse;1;1;0;0;0;0;0;
174;Panen segaolmejäätme prügikonteinerisse;0;1;0;0;0;0;0;
175;Panen segaolmejäätme prügikonteinerisse;0;1;0;0;0;0;0;
176;Viin eraldi jäätmejaama;0;0;1;0;0;0;0;
177;Panen segaolmejäätme prügikonteinerisse;0;1;0;0;0;0;0;
178;Rõivakonteineritesse, Panen segaolmejäätme prügikonteinerisse;1;1;0;0;0;0;0;
179;Panen olmejäätme prügikonteinerisse;0;0;0;0;0;0;1;Panen olmejäätme prügikonteinerisse
180;Rõivakonteineritesse;1;0;0;0;0;0;0;
181;Matan;0;0;0;0;1;0;0;
182;Põletan kodus, Matan, Ei tea, sest mina ei vastuta selle tegevuse eest enda leibkonnas;0;0;0;1;1;1;0;
183;Ei tea, sest mina ei vastuta selle tegevuse eest enda leibkonnas;0;0;0;0;0;1;0;
184;Rõivakonteineritesse, Mul polegi kasutuskõlbmatuid...Kõik müün teise ringi või lähevad riide konteineritesse..;1;0;0;0;0;0;1;Mul polegi kasutuskõlbmatuid...Kõik müün teise ringi või lähevad riide konteineritesse..
185;Rõivakonteineritesse, Viin eraldi jäätmejaama;1;0;1;0;0;0;0;
186;Kasutan maakodus kaltsuna ja siis põletan;0;0;0;0;0;0;1;Kasutan maakodus kaltsuna ja siis põletan
187;Panen segaolmejäätme prügikonteinerisse;0;1;0;0;0;0;0;
188;Rõivakonteineritesse;1;0;0;0;0;0;0;
189;Panen segaolmejäätme prügikonteinerisse;0;1;0;0;0;0;0;
190;Rõivakonteineritesse;1;0;0;0;0;0;0;
191;Panen segaolmejäätme prügikonteinerisse;0;1;0;0;0;0;0;
192;Panen segaolmejäätme prügikonteinerisse;0;1;0;0;0;0;0;
193;Panen segaolmejäätme prügikonteinerisse, Panen kõrvale, kuni mõtlen kas ja mida nendega teha veel annab;0;1;0;0;0;0;1;Panen kõrvale,kuni mõtlen kas ja mida nendega teha veel annab
194;Panen olmejäätme prügikonteinerisse, Viin eraldi jäätmejaama;0;0;1;0;0;0;1;Panen olmejäätme prügikonteinerisse
195;Rõivakonteineritesse, Panen olmejäätme prügikonteinerisse;1;0;0;0;0;0;1;Panen olmejäätme prügikonteinerisse
196;Panen olmejäätme prügikonteinerisse, Kasutan kaltsuks ja siis viskan olmesse;0;0;0;0;0;0;1;Panen olmejäätme prügikonteinerisse,Kasutan kaltsuks ja siis viskan olmesse
197;Rõivakonteineritesse, Viin eraldi jäätmejaama;1;0;1;0;0;0;0;
198;Panen olmejäätme prügikonteinerisse;0;0;0;0;0;0;1;Panen olmejäätme prügikonteinerisse
199;Panen olmejäätme prügikonteinerisse;0;0;0;0;0;0;1;Panen olmejäätme prügikonteinerisse
200;Panen olmejäätme prügikonteinerisse, Viin eraldi jäätmejaama;0;0;1;0;0;0;1;Panen olmejäätme prügikonteinerisse
201;Viin eraldi jäätmejaama;0;0;1;0;0;0;0;
202;Viin HM kogumiskastidesse;0;0;0;0;0;0;1;Viin HM kogumiskastidesse
203;Panen segaolmejäätme prügikonteinerisse;0;1;0;0;0;0;0;
204;Panen segaolmejäätme prügikonteinerisse;0;1;0;0;0;0;0;
205;Panen segaolmejäätme prügikonteinerisse, Põletan kodus;0;1;0;1;0;0;0;
206;Rõivakonteineritesse;1;0;0;0;0;0;0;
207;Panen segaolmejäätme prügikonteinerisse, töötlen ümber;0;1;0;0;0;0;1;töötlen ümber
208;Panen segaolmejäätme prügikonteinerisse, Viin eraldi jäätmejaama, Põletan kodus, vt. eespool ka vastust;0;1;1;1;0;0;1;vt. eespool ka vastust
209;Panen segaolmejäätme prügikonteinerisse, Viin eraldi jäätmejaama;0;1;1;0;0;0;0;
210;Panen segaolmejäätme prügikonteinerisse, Põletan kodus, Ei tea, et Tapa vallas oleks ühtegi rõivaste konteinerit, lähim asub umbes 50 km;0;1;0;1;0;0;1;Ei tea,et Tapa vallas oleks ühtegi rõivaste konteinerit,lähim asub umbes 50 km
211;Rõivakonteineritesse;1;0;0;0;0;0;0;
212;Rõivakonteineritesse, Panen segaolmejäätme prügikonteinerisse, Põletan kodus;1;1;0;1;0;0;0;
213;Rõivakonteineritesse, Viin eraldi jäätmejaama;1;0;1;0;0;0;0;
214;Rõivakonteineritesse, Panen segaolmejäätme prügikonteinerisse;1;1;0;0;0;0;0;
215;Rõivakonteineritesse;1;0;0;0;0;0;0;
216;Panen segaolmejäätme prügikonteinerisse;0;1;0;0;0;0;0;
217;Panen segaolmejäätme prügikonteinerisse;0;1;0;0;0;0;0;
218;Panen segaolmejäätme prügikonteinerisse, Põletan kodus;0;1;0;1;0;0;0;
219;Panen segaolmejäätme prügikonteinerisse;0;1;0;0;0;0;0;
220;Panen segaolmejäätme prügikonteinerisse;0;1;0;0;0;0;0;
221;Rõivakonteineritesse, Panen segaolmejäätme prügikonteinerisse;1;1;0;0;0;0;0;
222;Rõivakonteineritesse;1;0;0;0;0;0;0;
223;Panen segaolmejäätme prügikonteinerisse;0;1;0;0;0;0;0;
224;Viin eraldi jäätmejaama;0;0;1;0;0;0;0;
225;Rõivakonteineritesse, Panen segaolmejäätme prügikonteinerisse;1;1;0;0;0;0;0;
226;Panen segaolmejäätme prügikonteinerisse;0;1;0;0;0;0;0;
227;Põletan kodus, Matan, ma kasutan asja lõpuni, st muudan tema funktsiooni, kuni on veel midagi muuta. lõpp lähtub viimase kasutamise kohast: näiteks värvised või õlised puhastuslapid lähevad ohtlike jäätmete hulka ja looduslikust materjalist liiga lagunenud asjad lõikan veel rohkem katki  ja lähevad multšiks, sest on lagunemisvõimekusega. Sünteetikat on ülivähe.;0;0;0;1;1;0;1;ma kasutan asja lõpuni,st muudan tema funktsiooni,kuni on veel midagi muuta. lõpp lähtub viimase kasutamise kohast: näiteks värvised või õlised puhastuslapid lähevad ohtlike jäätmete hulka ja looduslikust materjalist liiga lagunenud asjad lõikan veel rohkem katki  ja lähevad multšiks,sest on lagunemisvõimekusega. Sünteetikat on ülivähe.
228;Rõivakonteineritesse, Põletan kodus, ;1;0;0;1;0;0;0;
229;Panen segaolmejäätme prügikonteinerisse;0;1;0;0;0;0;0;
230;Panen segaolmejäätme prügikonteinerisse;0;1;0;0;0;0;0;
231;Panen olmejäätme prügikonteinerisse;0;0;0;0;0;0;1;Panen olmejäätme prügikonteinerisse
232;Rõivakonteineritesse, Panen olmejäätme prügikonteinerisse, Põletan kodus;1;0;0;1;0;0;1;Panen olmejäätme prügikonteinerisse
233;Ei tea, sest mina ei vastuta selle tegevuse eest enda leibkonnas;0;0;0;0;0;1;0;
234;Panen segaolmejäätme prügikonteinerisse, Viin eraldi jäätmejaama;0;1;1;0;0;0;0;
235;Rõivakonteineritesse, Panen segaolmejäätme prügikonteinerisse;1;1;0;0;0;0;0;
236;Viin eraldi jäätmejaama;0;0;1;0;0;0;0;
237;Panen segaolmejäätme prügikonteinerisse;0;1;0;0;0;0;0;
238;Rõivakonteineritesse, Põletan kodus;1;0;0;1;0;0;0;
239;Panen olmejäätme prügikonteinerisse;0;0;0;0;0;0;1;Panen olmejäätme prügikonteinerisse
240;Rõivakonteineritesse;1;0;0;0;0;0;0;
241;Ei tea, sest mina ei vastuta selle tegevuse eest enda leibkonnas;0;0;0;0;0;1;0;
242;Panen olmejäätme prügikonteinerisse, Viin eraldi jäätmejaama;0;0;1;0;0;0;1;Panen olmejäätme prügikonteinerisse
243;Panen segaolmejäätme prügikonteinerisse;0;1;0;0;0;0;0;
244;Rõivakonteineritesse;1;0;0;0;0;0;0;
245;Rõivakonteineritesse;1;0;0;0;0;0;0;
246;Põletan kodus;0;0;0;1;0;0;0;
247;Ei tea, sest mina ei vastuta selle tegevuse eest enda leibkonnas;0;0;0;0;0;1;0;
248;Panen segaolmejäätme prügikonteinerisse;0;1;0;0;0;0;0;
249;Rõivakonteineritesse;1;0;0;0;0;0;0;
250;Rõivakonteineritesse;1;0;0;0;0;0;0;
251;Panen segaolmejäätme prügikonteinerisse;0;1;0;0;0;0;0;
252;Panen segaolmejäätme prügikonteinerisse;0;1;0;0;0;0;0;
253;Rõivakonteineritesse;1;0;0;0;0;0;0;
254;Panen segaolmejäätme prügikonteinerisse, Viin eraldi jäätmejaama;0;1;1;0;0;0;0;
255;Rõivakonteineritesse;1;0;0;0;0;0;0;
256;Rõivakonteineritesse;1;0;0;0;0;0;0;
257;Rõivakonteineritesse, Panen olmejäätme prügikonteinerisse;1;0;0;0;0;0;1;Panen olmejäätme prügikonteinerisse
258;Panen olmejäätme prügikonteinerisse;0;0;0;0;0;0;1;Panen olmejäätme prügikonteinerisse
259;Viin eraldi jäätmejaama;0;0;1;0;0;0;0;
260;Panen olmejäätme prügikonteinerisse, Põletan kodus;0;0;0;1;0;0;1;Panen olmejäätme prügikonteinerisse
261;Rõivakonteineritesse, Panen olmejäätme prügikonteinerisse;1;0;0;0;0;0;1;Panen olmejäätme prügikonteinerisse
262;Rõivakonteineritesse;1;0;0;0;0;0;0;
263;Panen olmejäätme prügikonteinerisse;0;0;0;0;0;0;1;Panen olmejäätme prügikonteinerisse
264;Panen olmejäätme prügikonteinerisse;0;0;0;0;0;0;1;Panen olmejäätme prügikonteinerisse
265;Rõivakonteineritesse, Panen olmejäätme prügikonteinerisse;1;0;0;0;0;0;1;Panen olmejäätme prügikonteinerisse
266;Panen olmejäätme prügikonteinerisse, Viin eraldi jäätmejaama;0;0;1;0;0;0;1;Panen olmejäätme prügikonteinerisse
267;Panen olmejäätme prügikonteinerisse;0;0;0;0;0;0;1;Panen olmejäätme prügikonteinerisse
268;Rõivakonteineritesse, Viin eraldi jäätmejaama;1;0;1;0;0;0;0;
269;Panen olmejäätme prügikonteinerisse;0;0;0;0;0;0;1;Panen olmejäätme prügikonteinerisse
270;Rõivakonteineritesse, Panen olmejäätme prügikonteinerisse;1;0;0;0;0;0;1;Panen olmejäätme prügikonteinerisse
271;Viin eraldi jäätmejaama;0;0;1;0;0;0;0;
272;Panen olmejäätme prügikonteinerisse;0;0;0;0;0;0;1;Panen olmejäätme prügikonteinerisse
273;Panen olmejäätme prügikonteinerisse, Põletan kodus;0;0;0;1;0;0;1;Panen olmejäätme prügikonteinerisse
274;Panen olmejäätme prügikonteinerisse, Ei tea, sest mina ei vastuta selle tegevuse eest enda leibkonnas;0;0;0;0;0;1;1;Panen olmejäätme prügikonteinerisse
275;Rõivakonteineritesse;1;0;0;0;0;0;0;
276;Põletan kodus;0;0;0;1;0;0;0;
277;Rõivakonteineritesse, Panen olmejäätme prügikonteinerisse;1;0;0;0;0;0;1;Panen olmejäätme prügikonteinerisse
278;Põletan kodus;0;0;0;1;0;0;0;
279;Rõivakonteineritesse;1;0;0;0;0;0;0;
280;Ei tea, sest mina ei vastuta selle tegevuse eest enda leibkonnas;0;0;0;0;0;1;0;
281;Ei tea, sest mina ei vastuta selle tegevuse eest enda leibkonnas;0;0;0;0;0;1;0;
282;Ei tea, sest mina ei vastuta selle tegevuse eest enda leibkonnas;0;0;0;0;0;1;0;
283;Rõivakonteineritesse;1;0;0;0;0;0;0;
284;Panen segaolmejäätme prügikonteinerisse, Viin eraldi jäätmejaama;0;1;1;0;0;0;0;
285;Panen segaolmejäätme prügikonteinerisse;0;1;0;0;0;0;0;
286;Panen segaolmejäätme prügikonteinerisse;0;1;0;0;0;0;0;
287;Rõivakonteineritesse, Panen segaolmejäätme prügikonteinerisse;1;1;0;0;0;0;0;
288;Panen segaolmejäätme prügikonteinerisse;0;1;0;0;0;0;0;
289;Rõivakonteineritesse;1;0;0;0;0;0;0;
290;Panen segaolmejäätme prügikonteinerisse, Viin eraldi jäätmejaama;0;1;1;0;0;0;0;
291;Panen segaolmejäätme prügikonteinerisse;0;1;0;0;0;0;0;
292;Rõivakonteineritesse;1;0;0;0;0;0;0;
293;Panen segaolmejäätme prügikonteinerisse;0;1;0;0;0;0;0;
294;Viin eraldi jäätmejaama;0;0;1;0;0;0;0;
295;Panen segaolmejäätme prügikonteinerisse;0;1;0;0;0;0;0;
296;Panen segaolmejäätme prügikonteinerisse;0;1;0;0;0;0;0;
297;Panen segaolmejäätme prügikonteinerisse;0;1;0;0;0;0;0;
298;Rõivakonteineritesse, Panen segaolmejäätme prügikonteinerisse;1;1;0;0;0;0;0;
299;Panen segaolmejäätme prügikonteinerisse;0;1;0;0;0;0;0;
300;Rõivakonteineritesse, Panen segaolmejäätme prügikonteinerisse;1;1;0;0;0;0;0;
301;Panen segaolmejäätme prügikonteinerisse;0;1;0;0;0;0;0;
302;Rõivakonteineritesse;1;0;0;0;0;0;0;
303;Rõivakonteineritesse;1;0;0;0;0;0;0;
304;Rõivakonteineritesse;1;0;0;0;0;0;0;
305;Põletan kodus;0;0;0;1;0;0;0;
306;Panen segaolmejäätme prügikonteinerisse;0;1;0;0;0;0;0;
307;Panen segaolmejäätme prügikonteinerisse;0;1;0;0;0;0;0;
308;Rõivakonteineritesse;1;0;0;0;0;0;0;
309;Rõivakonteineritesse, Panen segaolmejäätme prügikonteinerisse;1;1;0;0;0;0;0;
310;Panen segaolmejäätme prügikonteinerisse;0;1;0;0;0;0;0;
311;Ei tea, sest mina ei vastuta selle tegevuse eest enda leibkonnas, Lõikan puhastuslappideks ;0;0;0;0;0;1;1;Lõikan puhastuslappideks
312;Panen segaolmejäätme prügikonteinerisse;0;1;0;0;0;0;0;
313;Panen segaolmejäätme prügikonteinerisse;0;1;0;0;0;0;0;
314;Enamasti kaltsuks garaaži;0;0;0;0;0;0;1;Enamasti kaltsuks garaaži
315;Panen segaolmejäätme prügikonteinerisse;0;1;0;0;0;0;0;
316;Viin eraldi jäätmejaama;0;0;1;0;0;0;0;
317;Panen segaolmejäätme prügikonteinerisse;0;1;0;0;0;0;0;
318;Rõivakonteineritesse, Põletan kodus;1;0;0;1;0;0;0;
319;Rõivakonteineritesse, Viin eraldi jäätmejaama;1;0;1;0;0;0;0;
320;Panen segaolmejäätme prügikonteinerisse;0;1;0;0;0;0;0;
321;Panen segaolmejäätme prügikonteinerisse;0;1;0;0;0;0;0;
322;Põletan kodus, Matan;0;0;0;1;1;0;0;
323;Panen segaolmejäätme prügikonteinerisse;0;1;0;0;0;0;0;
324;Rõivakonteineritesse;1;0;0;0;0;0;0;
325;Rõivakonteineritesse;1;0;0;0;0;0;0;
326;Rõivakonteineritesse;1;0;0;0;0;0;0;
327;Rõivakonteineritesse, Panen segaolmejäätme prügikonteinerisse, Põletan kodus;1;1;0;1;0;0;0;
328;Viin eraldi jäätmejaama;0;0;1;0;0;0;0;
329;Rõivakonteineritesse;1;0;0;0;0;0;0;
330;Rõivakonteineritesse, Panen segaolmejäätme prügikonteinerisse;1;1;0;0;0;0;0;
331;Rõivakonteineritesse;1;0;0;0;0;0;0;
332;Panen segaolmejäätme prügikonteinerisse;0;1;0;0;0;0;0;
333;Rõivakonteineritesse, Panen segaolmejäätme prügikonteinerisse;1;1;0;0;0;0;0;
334;Rõivakonteineritesse;1;0;0;0;0;0;0;
335;Rõivakonteineritesse;1;0;0;0;0;0;0;
336;Panen olmejäätme prügikonteinerisse;0;0;0;0;0;0;1;Panen olmejäätme prügikonteinerisse
337;Panen olmejäätme prügikonteinerisse, Põletan kodus;0;0;0;1;0;0;1;Panen olmejäätme prügikonteinerisse
338;Panen segaolmejäätme prügikonteinerisse;0;1;0;0;0;0;0;
339;Rõivakonteineritesse;1;0;0;0;0;0;0;
340;Panen segaolmejäätme prügikonteinerisse;0;1;0;0;0;0;0;
341;Panen segaolmejäätme prügikonteinerisse;0;1;0;0;0;0;0;
342;Panen segaolmejäätme prügikonteinerisse, Viin eraldi jäätmejaama;0;1;1;0;0;0;0;
343;Panen segaolmejäätme prügikonteinerisse, Põletan kodus, segaolmesse ainult siis, kui on väga määrdunud (ehk on kaltsuna juba oma aja ära elanud);0;1;0;1;0;0;1;segaolmesse ainult siis,kui on väga määrdunud (ehk on kaltsuna juba oma aja ära elanud)
344;Põletan kodus;0;0;0;1;0;0;0;
345;Põletan kodus;0;0;0;1;0;0;0;
346;Rõivakonteineritesse;1;0;0;0;0;0;0;
347;Olmejäätmesse;0;0;0;0;0;0;1;Olmejäätmesse
348;Olmejäätmesse;0;0;0;0;0;0;1;Olmejäätmesse
349;Panen olmejäätme prügikonteinerisse;0;0;0;0;0;0;1;Panen olmejäätme prügikonteinerisse
350;Panen olmejäätme prügikonteinerisse;0;0;0;0;0;0;1;Panen olmejäätme prügikonteinerisse
351;Rõivakonteineritesse;1;0;0;0;0;0;0;
352;Panen olmejäätme prügikonteinerisse, Jäätmejaama andmiseks peab maksma peale, mistõttu seda varianti ei kasuta;0;0;0;0;0;0;1;Panen olmejäätme prügikonteinerisse,Jäätmejaama andmiseks peab maksma peale,mistõttu seda varianti ei kasuta
353;Panen olmejäätme prügikonteinerisse;0;0;0;0;0;0;1;Panen olmejäätme prügikonteinerisse
354;Panen olmejäätme prügikonteinerisse, Põletan kodus, mul polegi väga täiesti kõlbmatuid tekstiile;0;0;0;1;0;0;1;Panen olmejäätme prügikonteinerisse,mul polegi väga täiesti kõlbmatuid tekstiile
355;Rõivakonteineritesse;1;0;0;0;0;0;0;
356;Panen olmejäätme prügikonteinerisse;0;0;0;0;0;0;1;Panen olmejäätme prügikonteinerisse
357;Panen olmejäätme prügikonteinerisse;0;0;0;0;0;0;1;Panen olmejäätme prügikonteinerisse
358;Rõivakonteineritesse;1;0;0;0;0;0;0;
359;Panen olmejäätme prügikonteinerisse;0;0;0;0;0;0;1;Panen olmejäätme prügikonteinerisse
360;Viin eraldi jäätmejaama;0;0;1;0;0;0;0;
361;Rõivakonteineritesse;1;0;0;0;0;0;0;
362;Matan;0;0;0;0;1;0;0;
363;Ema tegeleb sellega;0;0;0;0;0;0;1;Ema tegeleb sellega
364;Ei tea, sest mina ei vastuta selle tegevuse eest enda leibkonnas;0;0;0;0;0;1;0;
365;Ei tea, sest mina ei vastuta selle tegevuse eest enda leibkonnas;0;0;0;0;0;1;0;
366;Rõivakonteineritesse;1;0;0;0;0;0;0;
367;Rõivakonteineritesse;1;0;0;0;0;0;0;
368;Panen segaolmejäätme prügikonteinerisse;0;1;0;0;0;0;0;
369;Panen segaolmejäätme prügikonteinerisse;0;1;0;0;0;0;0;
370;Rõivakonteineritesse, Olme puhastuslappideks puuvillased riidejäägid;1;0;0;0;0;0;1;Olme puhastuslappideks puuvillased riidejäägid
371;Panen segaolmejäätme prügikonteinerisse;0;1;0;0;0;0;0;
372;Rõivakonteineritesse;1;0;0;0;0;0;0;
373;Panen segaolmejäätme prügikonteinerisse, Viin eraldi jäätmejaama, Põletan kodus;0;1;1;1;0;0;0;
374;Panen segaolmejäätme prügikonteinerisse;0;1;0;0;0;0;0;
375;Õpetajana kasutan ka ainetundides  tekstiilijääke näidistena, lapitehnikas ka  väiksemate vaiba tegemiseks;0;0;0;0;0;0;1;Õpetajana kasutan ka ainetundides  tekstiilijääke näidistena,lapitehnikas ka  väiksemate vaiba tegemiseks
376;Panen segaolmejäätme prügikonteinerisse;0;1;0;0;0;0;0;
377;Panen segaolmejäätme prügikonteinerisse;0;1;0;0;0;0;0;
378;Panen segaolmejäätme prügikonteinerisse;0;1;0;0;0;0;0;
379;Viin eraldi jäätmejaama, Lähevad kasutusele ja maal, pòrandalappidena vms. Olen viinud ja loomade varjupaika kui veel siiski puhtad v pole nii ribadeks et midagi sealt kasutada ei saa;0;0;1;0;0;0;1;Lähevad kasutusele ja maal,pòrandalappidena vms. Olen viinud ja loomade varjupaika kui veel siiski puhtad v pole nii ribadeks et midagi sealt kasutada ei saa
380;Rõivakonteineritesse, Panen segaolmejäätme prügikonteinerisse;1;1;0;0;0;0;0;
381;Panen segaolmejäätme prügikonteinerisse;0;1;0;0;0;0;0;
382;Rõivakonteineritesse, Panen segaolmejäätme prügikonteinerisse;1;1;0;0;0;0;0;
383;Panen segaolmejäätme prügikonteinerisse;0;1;0;0;0;0;0;
384;Rõivakonteineritesse;1;0;0;0;0;0;0;
385;Rõivakonteineritesse, Panen segaolmejäätme prügikonteinerisse, Kasutan puhastuslappidena;1;1;0;0;0;0;1;Kasutan puhastuslappidena
386;Panen segaolmejäätme prügikonteinerisse;0;1;0;0;0;0;0;
387;Rõivakonteineritesse, Viin eraldi jäätmejaama;1;0;1;0;0;0;0;
388;Panen segaolmejäätme prügikonteinerisse;0;1;0;0;0;0;0;
389;Rõivakonteineritesse;1;0;0;0;0;0;0;
390;Ei tea, sest mina ei vastuta selle tegevuse eest enda leibkonnas, ;0;0;0;0;0;1;0;
391;Panen segaolmejäätme prügikonteinerisse;0;1;0;0;0;0;0;
392;Panen segaolmejäätme prügikonteinerisse;0;1;0;0;0;0;0;
393;Rõivakonteineritesse;1;0;0;0;0;0;0;
394;Panen segaolmejäätme prügikonteinerisse;0;1;0;0;0;0;0;
395;Rõivakonteineritesse, Panen segaolmejäätme prügikonteinerisse;1;1;0;0;0;0;0;
396;Rõivakonteineritesse, Panen segaolmejäätme prügikonteinerisse;1;1;0;0;0;0;0;
397;Rõivakonteineritesse, Panen segaolmejäätme prügikonteinerisse;1;1;0;0;0;0;0;
398;Viin eraldi jäätmejaama;0;0;1;0;0;0;0;
399;Panen olmejäätme prügikonteinerisse, Pehmed lähevad garaaži ;0;0;0;0;0;0;1;Panen olmejäätme prügikonteinerisse,Pehmed lähevad garaaži
400;Panen olmejäätme prügikonteinerisse;0;0;0;0;0;0;1;Panen olmejäätme prügikonteinerisse
401;Rõivakonteineritesse;1;0;0;0;0;0;0;
402;Panen olmejäätme prügikonteinerisse;0;0;0;0;0;0;1;Panen olmejäätme prügikonteinerisse
403;Panen olmejäätme prügikonteinerisse;0;0;0;0;0;0;1;Panen olmejäätme prügikonteinerisse
404;Panen olmejäätme prügikonteinerisse, Viin eraldi jäätmejaama, Ei tea, sest mina ei vastuta selle tegevuse eest enda leibkonnas;0;0;1;0;0;1;1;Panen olmejäätme prügikonteinerisse
405;Panen olmejäätme prügikonteinerisse;0;0;0;0;0;0;1;Panen olmejäätme prügikonteinerisse
406;Panen olmejäätme prügikonteinerisse;0;0;0;0;0;0;1;Panen olmejäätme prügikonteinerisse
407;Panen olmejäätme prügikonteinerisse;0;0;0;0;0;0;1;Panen olmejäätme prügikonteinerisse
408;Panen olmejäätme prügikonteinerisse;0;0;0;0;0;0;1;Panen olmejäätme prügikonteinerisse
409;Panen olmejäätme prügikonteinerisse, Varasemalt väga hullud olmesse (juhtub üliharva), nüüd uuendustega ei teagi, pole sel aastal veel kapituulutust teinud.;0;0;0;0;0;0;1;Panen olmejäätme prügikonteinerisse,Varasemalt väga hullud olmesse (juhtub üliharva),nüüd uuendustega ei teagi,pole sel aastal veel kapituulutust teinud.
410;Panen olmejäätme prügikonteinerisse;0;0;0;0;0;0;1;Panen olmejäätme prügikonteinerisse
411;Panen olmejäätme prügikonteinerisse, Viin eraldi jäätmejaama;0;0;1;0;0;0;1;Panen olmejäätme prügikonteinerisse
412;Rõivakonteineritesse;1;0;0;0;0;0;0;
413;Rõivakonteineritesse, Panen olmejäätme prügikonteinerisse;1;0;0;0;0;0;1;Panen olmejäätme prügikonteinerisse
414;Tekstiilitaksosse;0;0;0;0;0;0;1;Tekstiilitaksosse
415;Panen olmejäätme prügikonteinerisse;0;0;0;0;0;0;1;Panen olmejäätme prügikonteinerisse
416;Rõivakonteineritesse, Panen olmejäätme prügikonteinerisse;1;0;0;0;0;0;1;Panen olmejäätme prügikonteinerisse
417;Panen olmejäätme prügikonteinerisse;0;0;0;0;0;0;1;Panen olmejäätme prügikonteinerisse
418;Panen olmejäätme prügikonteinerisse;0;0;0;0;0;0;1;Panen olmejäätme prügikonteinerisse
419;Panen olmejäätme prügikonteinerisse;0;0;0;0;0;0;1;Panen olmejäätme prügikonteinerisse
420;Panen olmejäätme prügikonteinerisse, Lõikan kaltsuks;0;0;0;0;0;0;1;Panen olmejäätme prügikonteinerisse,Lõikan kaltsuks
421;Panen olmejäätme prügikonteinerisse, Siiani tean, et need nagunii jäätmejaamas põletatakse, selleks olengi need olmeprügisse visanud.;0;0;0;0;0;0;1;Panen olmejäätme prügikonteinerisse,Siiani tean,et need nagunii jäätmejaamas põletatakse,selleks olengi need olmeprügisse visanud.
422;Panen olmejäätme prügikonteinerisse, kasutan kaltsuna aga mis ei kõlba, läksid olmesse aga nüüd kogume eraldi;0;0;0;0;0;0;1;Panen olmejäätme prügikonteinerisse,kasutan kaltsuna aga mis ei kõlba,läksid olmesse aga nüüd kogume eraldi
423;Panen olmejäätme prügikonteinerisse;0;0;0;0;0;0;1;Panen olmejäätme prügikonteinerisse
424;Panen olmejäätme prügikonteinerisse;0;0;0;0;0;0;1;Panen olmejäätme prügikonteinerisse
425;H&M kogumiskast;0;0;0;0;0;0;1;H&M kogumiskast
426;Panen olmejäätme prügikonteinerisse;0;0;0;0;0;0;1;Panen olmejäätme prügikonteinerisse
427;Panen olmejäätme prügikonteinerisse, Põletan kodus;0;0;0;1;0;0;1;Panen olmejäätme prügikonteinerisse
428;Panen olmejäätme prügikonteinerisse;0;0;0;0;0;0;1;Panen olmejäätme prügikonteinerisse
429;Panen olmejäätme prügikonteinerisse, Teen millekski ümber või kasutan puhastuskaltsudena;0;0;0;0;0;0;1;Panen olmejäätme prügikonteinerisse,Teen millekski ümber või kasutan puhastuskaltsudena
430;Panen olmejäätme prügikonteinerisse, nailonist sukkpüksid ja sokid viskan katki minnes ära, olmeprügisse, muu kasutuskõlbmatu tekstiili viin HM kaupluse kogumiskasti;0;0;0;0;0;0;1;Panen olmejäätme prügikonteinerisse,nailonist sukkpüksid ja sokid viskan katki minnes ära,olmeprügisse,muu kasutuskõlbmatu tekstiili viin HM kaupluse kogumiskasti
431;Panen olmejäätme prügikonteinerisse, Põletan kodus;0;0;0;1;0;0;1;Panen olmejäätme prügikonteinerisse
432;Panen olmejäätme prügikonteinerisse, Viin eraldi jäätmejaama;0;0;1;0;0;0;1;Panen olmejäätme prügikonteinerisse
433;Panen olmejäätme prügikonteinerisse;0;0;0;0;0;0;1;Panen olmejäätme prügikonteinerisse
434;HM, Uuskasutuskeskus ;0;0;0;0;0;0;1;HM,Uuskasutuskeskus
435;Panen olmejäätme prügikonteinerisse;0;0;0;0;0;0;1;Panen olmejäätme prügikonteinerisse
436;Rõivakonteineritesse, Panen olmejäätme prügikonteinerisse;1;0;0;0;0;0;1;Panen olmejäätme prügikonteinerisse
437;Panen olmejäätme prügikonteinerisse, Põletan kodus;0;0;0;1;0;0;1;Panen olmejäätme prügikonteinerisse
438;Rõivakonteineritesse, Panen olmejäätme prügikonteinerisse;1;0;0;0;0;0;1;Panen olmejäätme prügikonteinerisse
439;Panen olmejäätme prügikonteinerisse, H;0;0;0;0;0;0;1;Panen olmejäätme prügikonteinerisse,H
440;Rõivakonteineritesse, Panen olmejäätme prügikonteinerisse;1;0;0;0;0;0;1;Panen olmejäätme prügikonteinerisse
441;Panen olmejäätme prügikonteinerisse;0;0;0;0;0;0;1;Panen olmejäätme prügikonteinerisse
442;Panen olmejäätme prügikonteinerisse;0;0;0;0;0;0;1;Panen olmejäätme prügikonteinerisse
443;Panen olmejäätme prügikonteinerisse;0;0;0;0;0;0;1;Panen olmejäätme prügikonteinerisse
444;Põletan kodus;0;0;0;1;0;0;0;
445;Ei tea, sest mina ei vastuta selle tegevuse eest enda leibkonnas;0;0;0;0;0;1;0;
446;Rõivakonteineritesse;1;0;0;0;0;0;0;
447;Rõivakonteineritesse, Panen olmejäätme prügikonteinerisse;1;0;0;0;0;0;1;Panen olmejäätme prügikonteinerisse
448;Rõivakonteineritesse, Panen olmejäätme prügikonteinerisse;1;0;0;0;0;0;1;Panen olmejäätme prügikonteinerisse
449;Panen segaolmejäätme prügikonteinerisse, Kui kanda ei kõlba siis tolmulapiks vms, kui see ka ennast ammendav siis olmeprügi;0;1;0;0;0;0;1;Kui kanda ei kõlba siis tolmulapiks vms,kui see ka ennast ammendav siis olmeprügi
450;Rõivakonteineritesse;1;0;0;0;0;0;0;
451;Rõivakonteineritesse, Panen segaolmejäätme prügikonteinerisse;1;1;0;0;0;0;0;
452;Rõivakonteineritesse, Katan peenraalust maad, ei mata. See on permakultuur;1;0;0;0;0;0;1;Katan peenraalust maad,ei mata. See on permakultuur
453;Panen segaolmejäätme prügikonteinerisse;0;1;0;0;0;0;0;
454;Põletan kodus;0;0;0;1;0;0;0;
455;Rõivakonteineritesse;1;0;0;0;0;0;0;
456;Panen segaolmejäätme prügikonteinerisse;0;1;0;0;0;0;0;
457;Rõivakonteineritesse, Panen segaolmejäätme prügikonteinerisse;1;1;0;0;0;0;0;
458;Panen segaolmejäätme prügikonteinerisse;0;1;0;0;0;0;0;
459;Panen segaolmejäätme prügikonteinerisse;0;1;0;0;0;0;0;
460;Rõivakonteineritesse, Viin eraldi jäätmejaama;1;0;1;0;0;0;0;
461;Rõivakonteineritesse, Panen segaolmejäätme prügikonteinerisse;1;1;0;0;0;0;0;
462;Rõivakonteineritesse;1;0;0;0;0;0;0;
463;Panen segaolmejäätme prügikonteinerisse;0;1;0;0;0;0;0;
464;Panen segaolmejäätme prügikonteinerisse;0;1;0;0;0;0;0;
465;Panen segaolmejäätme prügikonteinerisse;0;1;0;0;0;0;0;
466;Panen segaolmejäätme prügikonteinerisse;0;1;0;0;0;0;0;
467;Rõivakonteineritesse, Panen segaolmejäätme prügikonteinerisse;1;1;0;0;0;0;0;
468;Rõivakonteineritesse;1;0;0;0;0;0;0;
469;Panen segaolmejäätme prügikonteinerisse;0;1;0;0;0;0;0;
470;Rõivakonteineritesse;1;0;0;0;0;0;0;
471;Rõivakonteineritesse, Panen segaolmejäätme prügikonteinerisse;1;1;0;0;0;0;0;
472;Panen segaolmejäätme prügikonteinerisse;0;1;0;0;0;0;0;
473;Viin eraldi jäätmejaama;0;0;1;0;0;0;0;
474;Panen segaolmejäätme prügikonteinerisse;0;1;0;0;0;0;0;
475;Viin eraldi jäätmejaama, Põletan kodus;0;0;1;1;0;0;0;
476;segaolmeprügi konteinerisse ühistu juures;0;0;0;0;0;0;1;segaolmeprügi konteinerisse ühistu juures
477;Rõivakonteineritesse, Panen segaolmejäätme prügikonteinerisse;1;1;0;0;0;0;0;
478;Viin eraldi jäätmejaama;0;0;1;0;0;0;0;
479;Panen segaolmejäätme prügikonteinerisse;0;1;0;0;0;0;0;
480;Uuskasutuskeskus, Punane Rist;0;0;0;0;0;0;1;Uuskasutuskeskus,Punane Rist
481;Panen segaolmejäätme prügikonteinerisse;0;1;0;0;0;0;0;
482;Panen segaolmejäätme prügikonteinerisse, Viin eraldi jäätmejaama;0;1;1;0;0;0;0;
483;Panen segaolmejäätme prügikonteinerisse, Viin eraldi jäätmejaama;0;1;1;0;0;0;0;
484;Ei tea, sest mina ei vastuta selle tegevuse eest enda leibkonnas;0;0;0;0;0;1;0;
485;Rõivakonteineritesse, Panen segaolmejäätme prügikonteinerisse;1;1;0;0;0;0;0;
486;Panen segaolmejäätme prügikonteinerisse;0;1;0;0;0;0;0;
487;Panen segaolmejäätme prügikonteinerisse;0;1;0;0;0;0;0;
488;Rõivakonteineritesse;1;0;0;0;0;0;0;
489;Panen segaolmejäätme prügikonteinerisse;0;1;0;0;0;0;0;
490;Rõivakonteineritesse;1;0;0;0;0;0;0;
491;Panen segaolmejäätme prügikonteinerisse;0;1;0;0;0;0;0;
492;Panen segaolmejäätme prügikonteinerisse, Viin eraldi jäätmejaama;0;1;1;0;0;0;0;
493;Rõivakonteineritesse, Viin eraldi jäätmejaama;1;0;1;0;0;0;0;
494;Panen segaolmejäätme prügikonteinerisse;0;1;0;0;0;0;0;
495;Rõivakonteineritesse;1;0;0;0;0;0;0;
496;Panen segaolmejäätme prügikonteinerisse;0;1;0;0;0;0;0;
497;Rõivakonteineritesse;1;0;0;0;0;0;0;
498;Panen segaolmejäätme prügikonteinerisse;0;1;0;0;0;0;0;
499;Rõivakonteineritesse, Panen segaolmejäätme prügikonteinerisse;1;1;0;0;0;0;0;
500;Panen segaolmejäätme prügikonteinerisse;0;1;0;0;0;0;0;
501;Panen segaolmejäätme prügikonteinerisse;0;1;0;0;0;0;0;
502;Panen segaolmejäätme prügikonteinerisse;0;1;0;0;0;0;0;
503;Panen segaolmejäätme prügikonteinerisse;0;1;0;0;0;0;0;
504;Eelnevalt panin segaolmejäätmetesse.;0;0;0;0;0;0;1;Eelnevalt panin segaolmejäätmetesse.
505;Panen segaolmejäätme prügikonteinerisse;0;1;0;0;0;0;0;
506;Rõivakonteineritesse, Viin eraldi jäätmejaama;1;0;1;0;0;0;0;
507;Rõivakonteineritesse, Panen segaolmejäätme prügikonteinerisse, Sokid ja pesu prügisse, suuremad asjad viin konteineritesse;1;1;0;0;0;0;1;Sokid ja pesu prügisse,suuremad asjad viin konteineritesse
508;Rõivakonteineritesse, Panen segaolmejäätme prügikonteinerisse;1;1;0;0;0;0;0;
509;Panen segaolmejäätme prügikonteinerisse;0;1;0;0;0;0;0;
510;Panen segaolmejäätme prügikonteinerisse;0;1;0;0;0;0;0;
511;Panen segaolmejäätme prügikonteinerisse;0;1;0;0;0;0;0;
512;Rõivakonteineritesse;1;0;0;0;0;0;0;
513;Panen segaolmejäätme prügikonteinerisse;0;1;0;0;0;0;0;
514;ei ole kasutuskõlbmatuid - alati on võimalik midagi teha või ümber teha;0;0;0;0;0;0;1;ei ole kasutuskõlbmatuid - alati on võimalik midagi teha või ümber teha
515;Rõivakonteineritesse, Panen segaolmejäätme prügikonteinerisse;1;1;0;0;0;0;0;
516;Panen segaolmejäätme prügikonteinerisse, Annetan isikule, kes teeb kangajuppidest lapitekke;0;1;0;0;0;0;1;Annetan isikule,kes teeb kangajuppidest lapitekke
517;H&m;0;0;0;0;0;0;1;H&m
518;H&m;0;0;0;0;0;0;1;H&m
519;Panen segaolmejäätme prügikonteinerisse;0;1;0;0;0;0;0;
520;Pole veel tekkinud;0;0;0;0;0;0;1;Pole veel tekkinud
521;Rõivakonteineritesse, Panen segaolmejäätme prügikonteinerisse;1;1;0;0;0;0;0;
522;Rõivakonteineritesse;1;0;0;0;0;0;0;
523;Rõivakonteineritesse, Panen segaolmejäätme prügikonteinerisse;1;1;0;0;0;0;0;
524;Rõivakonteineritesse, Panen segaolmejäätme prügikonteinerisse;1;1;0;0;0;0;0;
525;Viin eraldi jäätmejaama;0;0;1;0;0;0;0;
526;Panen segaolmejäätme prügikonteinerisse, Lõikan lappideks ja kasutan koristamisel;0;1;0;0;0;0;1;Lõikan lappideks ja kasutan koristamisel
527;Panen segaolmejäätme prügikonteinerisse, H&M kogumiskasti, kui pole just ilmselgelt määrdunud ;0;1;0;0;0;0;1;H&M kogumiskasti,kui pole just ilmselgelt määrdunud
528;Rõivakonteineritesse, Panen segaolmejäätme prügikonteinerisse;1;1;0;0;0;0;0;
529;Panen segaolmejäätme prügikonteinerisse;0;1;0;0;0;0;0;
530;Ei tea, sest mina ei vastuta selle tegevuse eest enda leibkonnas;0;0;0;0;0;1;0;
531;Rõivakonteineritesse, Panen segaolmejäätme prügikonteinerisse;1;1;0;0;0;0;0;
532;Rõivakonteineritesse;1;0;0;0;0;0;0;
533;Rõivakonteineritesse, Kasutan auklikke ja kasutuskõlbmatuid esemeid nt liistude vms pesemiseks kodus.;1;0;0;0;0;0;1;Kasutan auklikke ja kasutuskõlbmatuid esemeid nt liistude vms pesemiseks kodus.
534;Panen segaolmejäätme prügikonteinerisse, Viin eraldi kaltsude kogumise kasti tööle(ainult hästiimavad kangad);0;1;0;0;0;0;1;Viin eraldi kaltsude kogumise kasti tööle(ainult hästiimavad kangad)
535;Panen segaolmejäätme prügikonteinerisse, Olen käsitööline ja puuvillased riideesemed lõikan ribadeks, millest saab kududa kaltsuvaipa.;0;1;0;0;0;0;1;Olen käsitööline ja puuvillased riideesemed lõikan ribadeks,millest saab kududa kaltsuvaipa.
536;Rõivakonteineritesse;1;0;0;0;0;0;0;
537;HM-i;0;0;0;0;0;0;1;HM-i
538;Rõivakonteineritesse;1;0;0;0;0;0;0;
539;Rõivakonteineritesse, Viin eraldi jäätmejaama;1;0;1;0;0;0;0;
540;Panen segaolmejäätme prügikonteinerisse, Viin H&M kogumiskasti;0;1;0;0;0;0;1;Viin H&M kogumiskasti
541;H&Mi poodides olevad konteinerid;0;0;0;0;0;0;1;H&Mi poodides olevad konteinerid
542;Ei oska kuhugi viia.;0;0;0;0;0;0;1;Ei oska kuhugi viia.
543;Panen segaolmejäätme prügikonteinerisse;0;1;0;0;0;0;0;
544;Rõivakonteineritesse, Panen segaolmejäätme prügikonteinerisse;1;1;0;0;0;0;0;
545;Rõivakonteineritesse, Panen segaolmejäätme prügikonteinerisse;1;1;0;0;0;0;0;
546;Rõivakonteineritesse, Panen segaolmejäätme prügikonteinerisse, Viin eraldi jäätmejaama;1;1;1;0;0;0;0;
547;Rõivakonteineritesse, Panen segaolmejäätme prügikonteinerisse;1;1;0;0;0;0;0;
548;Panen segaolmejäätme prügikonteinerisse;0;1;0;0;0;0;0;
549;Viin eraldi jäätmejaama;0;0;1;0;0;0;0;
550;Rõivakonteineritesse;1;0;0;0;0;0;0;
551;Rõivakonteineritesse, Põletan kodus;1;0;0;1;0;0;0;
552;Panen segaolmejäätme prügikonteinerisse, Põletan kodus;0;1;0;1;0;0;0;
553;Panen segaolmejäätme prügikonteinerisse;0;1;0;0;0;0;0;
554;Panen segaolmejäätme prügikonteinerisse;0;1;0;0;0;0;0;
555;Panen segaolmejäätme prügikonteinerisse;0;1;0;0;0;0;0;
556;Panen segaolmejäätme prügikonteinerisse;0;1;0;0;0;0;0;
557;Rõivakonteineritesse, Panen segaolmejäätme prügikonteinerisse, Viin eraldi jäätmejaama;1;1;1;0;0;0;0;
558;HM taaskasutus;0;0;0;0;0;0;1;HM taaskasutus
559;Panen segaolmejäätme prügikonteinerisse;0;1;0;0;0;0;0;
560;Panen segaolmejäätme prügikonteinerisse;0;1;0;0;0;0;0;
561;Panen segaolmejäätme prügikonteinerisse;0;1;0;0;0;0;0;
562;Rõivakonteineritesse;1;0;0;0;0;0;0;
563;Ei ole selle uue süsteemiga veel rõivastest vabanema pidanud, aga peaks viima jäätmejaama, mis on muidugi väga ebamugav. ;0;0;0;0;0;0;1;Ei ole selle uue süsteemiga veel rõivastest vabanema pidanud,aga peaks viima jäätmejaama,mis on muidugi väga ebamugav.
564;H&M, voodipesud/rätkud kasside päästmisega tegelevasse MTÜsse;0;0;0;0;0;0;1;H&M,voodipesud/rätkud kasside päästmisega tegelevasse MTÜsse
565;Rõivakonteineritesse, Panen segaolmejäätme prügikonteinerisse;1;1;0;0;0;0;0;
566;Panen segaolmejäätme prügikonteinerisse;0;1;0;0;0;0;0;
567;Panen segaolmejäätme prügikonteinerisse;0;1;0;0;0;0;0;
568;Rõivakonteineritesse;1;0;0;0;0;0;0;
569;Rõivakonteineritesse;1;0;0;0;0;0;0;
570;Panen segaolmejäätme prügikonteinerisse;0;1;0;0;0;0;0;
571;Kogutud kokku, aga viimata;0;0;0;0;0;0;1;Kogutud kokku,aga viimata
572;Panen segaolmejäätme prügikonteinerisse;0;1;0;0;0;0;0;
573;Rõivakonteineritesse;1;0;0;0;0;0;0;
574;Panen segaolmejäätme prügikonteinerisse, annan ämmale kaltsuvaipade tegemiseks või kasutan ise kaltsuna;0;1;0;0;0;0;1;annan ämmale kaltsuvaipade tegemiseks või kasutan ise kaltsuna
575;Rõivakonteineritesse;1;0;0;0;0;0;0;
576;Panen segaolmejäätme prügikonteinerisse;0;1;0;0;0;0;0;
577;Rõivakonteineritesse;1;0;0;0;0;0;0;
578;Rõivakonteineritesse, Panen segaolmejäätme prügikonteinerisse;1;1;0;0;0;0;0;
579;Rõivakonteineritesse, H&M;1;0;0;0;0;0;1;H&M
580;Rõivakonteineritesse, Viin eraldi jäätmejaama;1;0;1;0;0;0;0;
581;Panen segaolmejäätme prügikonteinerisse;0;1;0;0;0;0;0;
582;Panen segaolmejäätme prügikonteinerisse;0;1;0;0;0;0;0;
583;Panen segaolmejäätme prügikonteinerisse;0;1;0;0;0;0;0;
584;Panen segaolmejäätme prügikonteinerisse;0;1;0;0;0;0;0;
585;Rõivakonteineritesse;1;0;0;0;0;0;0;
586;Panen segaolmejäätme prügikonteinerisse;0;1;0;0;0;0;0;
587;Kogun hunnikusse ja ootan head lahendust 🥲;0;0;0;0;0;0;1;Kogun hunnikusse ja ootan head lahendust 🥲
588;Rõivakonteineritesse, Põletan kodus;1;0;0;1;0;0;0;
589;Panen olmejäätme prügikonteinerisse;0;0;0;0;0;0;1;Panen olmejäätme prügikonteinerisse
590;Panen olmejäätme prügikonteinerisse, Viin eraldi jäätmejaama;0;0;1;0;0;0;1;Panen olmejäätme prügikonteinerisse
591;Panen olmejäätme prügikonteinerisse;0;0;0;0;0;0;1;Panen olmejäätme prügikonteinerisse
592;Rõivakonteineritesse;1;0;0;0;0;0;0;
593;Rõivakonteineritesse;1;0;0;0;0;0;0;
594;Viin eraldi jäätmejaama;0;0;1;0;0;0;0;
595;Rõivakonteineritesse;1;0;0;0;0;0;0;
596;Panen olmejäätme prügikonteinerisse;0;0;0;0;0;0;1;Panen olmejäätme prügikonteinerisse
597;Rõivakonteineritesse;1;0;0;0;0;0;0;
598;Ei tea, sest mina ei vastuta selle tegevuse eest enda leibkonnas;0;0;0;0;0;1;0;
599;Rõivakonteineritesse;1;0;0;0;0;0;0;
600;Rõivakonteineritesse;1;0;0;0;0;0;0;
601;Rõivakonteineritesse, Panen yagasse müüki;1;0;0;0;0;0;1;Panen yagasse müüki
602;Rõivakonteineritesse, Põletan kodus;1;0;0;1;0;0;0;
603;Rõivakonteineritesse;1;0;0;0;0;0;0;
604;Panen segaolmejäätme prügikonteinerisse;0;1;0;0;0;0;0;
605;Panen segaolmejäätme prügikonteinerisse, Viin eraldi jäätmejaama;0;1;1;0;0;0;0;
606;Rõivakonteineritesse, Panen segaolmejäätme prügikonteinerisse, Viin eraldi jäätmejaama;1;1;1;0;0;0;0;
607;Rõivakonteineritesse;1;0;0;0;0;0;0;
608;Rõivakonteineritesse;1;0;0;0;0;0;0;
609;Panen segaolmejäätme prügikonteinerisse, Viin eraldi jäätmejaama;0;1;1;0;0;0;0;
610;Panen segaolmejäätme prügikonteinerisse;0;1;0;0;0;0;0;
611;Rõivakonteineritesse;1;0;0;0;0;0;0;
612;Rõivakonteineritesse, Viin eraldi jäätmejaama;1;0;1;0;0;0;0;
613;Rõivakonteineritesse, Panen segaolmejäätme prügikonteinerisse;1;1;0;0;0;0;0;
614;Rõivakonteineritesse;1;0;0;0;0;0;0;
615;Panen segaolmejäätme prügikonteinerisse;0;1;0;0;0;0;0;
616;Viin eraldi jäätmejaama;0;0;1;0;0;0;0;
617;Rõivakonteineritesse, Põletan kodus;1;0;0;1;0;0;0;
618;Panen segaolmejäätme prügikonteinerisse;0;1;0;0;0;0;0;
619;Panen segaolmejäätme prügikonteinerisse, Põletan kodus;0;1;0;1;0;0;0;
620;Panen segaolmejäätme prügikonteinerisse;0;1;0;0;0;0;0;
621;Ei tea, sest mina ei vastuta selle tegevuse eest enda leibkonnas;0;0;0;0;0;1;0;
622;Osaliselt kasutan lappide, kaltsudena.;0;0;0;0;0;0;1;Osaliselt kasutan lappide,kaltsudena.
623;Viin eraldi jäätmejaama;0;0;1;0;0;0;0;
624;Annan ära taas tootmise jaoks;0;0;0;0;0;0;1;Annan ära taas tootmise jaoks
625;Panen segaolmejäätme prügikonteinerisse;0;1;0;0;0;0;0;
626;Rõivakonteineritesse, Viin eraldi jäätmejaama;1;0;1;0;0;0;0;
627;Viin eraldi jäätmejaama;0;0;1;0;0;0;0;
628;Viin eraldi jäätmejaama;0;0;1;0;0;0;0;
629;Kasutan majapidamistöödel, nt lappidena vms;0;0;0;0;0;0;1;Kasutan majapidamistöödel,nt lappidena vms
630;Panen segaolmejäätme prügikonteinerisse;0;1;0;0;0;0;0;
631;Rõivakonteineritesse, Kasutan majapidamises muul otstarbel;1;0;0;0;0;0;1;Kasutan majapidamises muul otstarbel
632;Panen segaolmejäätme prügikonteinerisse, Viin eraldi jäätmejaama;0;1;1;0;0;0;0;
633;Rõivakonteineritesse;1;0;0;0;0;0;0;
634;Ei tea, sest mina ei vastuta selle tegevuse eest enda leibkonnas, ;0;0;0;0;0;1;0;
635;Panen segaolmejäätme prügikonteinerisse;0;1;0;0;0;0;0;
636;Panen olmejäätme prügikonteinerisse, Viin eraldi jäätmejaama;0;0;1;0;0;0;1;Panen olmejäätme prügikonteinerisse
637;Viin eraldi jäätmejaama, Kasutan koristuslappidena.;0;0;1;0;0;0;1;Kasutan koristuslappidena.
638;Panen olmejäätme prügikonteinerisse, Põletan kodus;0;0;0;1;0;0;1;Panen olmejäätme prügikonteinerisse
639;Panen segaolmejäätme prügikonteinerisse;0;1;0;0;0;0;0;
640;Ei tea, sest mina ei vastuta selle tegevuse eest enda leibkonnas;0;0;0;0;0;1;0;
641;Panen segaolmejäätme prügikonteinerisse;0;1;0;0;0;0;0;
642;Rõivakonteineritesse, Põletan kodus, puuvillased riided saab kasutada kodus kaltsuks, tolmulapiks;1;0;0;1;0;0;1;puuvillased riided saab kasutada kodus kaltsuks,tolmulapiks
643;Mehele garaaži lappideks. Mis ei sobi läheb prügikasti;0;0;0;0;0;0;1;Mehele garaaži lappideks. Mis ei sobi läheb prügikasti
644;Panen segaolmejäätme prügikonteinerisse;0;1;0;0;0;0;0;
645;Põletan kodus, Matan;0;0;0;1;1;0;0;
646;Põletan kodus, Matan;0;0;0;1;1;0;0;
647;Ei tea, sest mina ei vastuta selle tegevuse eest enda leibkonnas;0;0;0;0;0;1;0;
648;lõikan tükkideks ja kasutan puhastuslappidena.;0;0;0;0;0;0;1;lõikan tükkideks ja kasutan puhastuslappidena.
649;Ei tea, sest mina ei vastuta selle tegevuse eest enda leibkonnas, st puuvill koerale, kileriided prügisse;0;0;0;0;0;1;1;st puuvill koerale,kileriided prügisse
650;Panen olmejäätme prügikonteinerisse;0;0;0;0;0;0;1;Panen olmejäätme prügikonteinerisse
651;Panen olmejäätme prügikonteinerisse, Põletan kodus;0;0;0;1;0;0;1;Panen olmejäätme prügikonteinerisse
652;Kasutan loomingus;0;0;0;0;0;0;1;Kasutan loomingus
653;Panen segaolmejäätme prügikonteinerisse;0;1;0;0;0;0;0;
654;Rõivakonteineritesse;1;0;0;0;0;0;0;
655;Panen segaolmejäätme prügikonteinerisse, Viin eraldi jäätmejaama;0;1;1;0;0;0;0;
656;Ei tea, sest mina ei vastuta selle tegevuse eest enda leibkonnas;0;0;0;0;0;1;0;
657;Panen olmejäätme prügikonteinerisse;0;0;0;0;0;0;1;Panen olmejäätme prügikonteinerisse
658;Viin eraldi jäätmejaama, Matan;0;0;1;0;1;0;0;
659;Panen segaolmejäätme prügikonteinerisse;0;1;0;0;0;0;0;
660;Panen olmejäätme prügikonteinerisse;0;0;0;0;0;0;1;Panen olmejäätme prügikonteinerisse
661;Poodi tagasi sokutamine;0;0;0;0;0;0;1;Poodi tagasi sokutamine
662;Rõivakonteineritesse, Panen olmejäätme prügikonteinerisse;1;0;0;0;0;0;1;Panen olmejäätme prügikonteinerisse
663;Panen olmejäätme prügikonteinerisse;0;0;0;0;0;0;1;Panen olmejäätme prügikonteinerisse
664;Rõivakonteineritesse;1;0;0;0;0;0;0;
665;Rõivakonteineritesse, H&M ;1;0;0;0;0;0;1;H&M
666;Rõivakonteineritesse;1;0;0;0;0;0;0;
667;Panen segaolmejäätme prügikonteinerisse;0;1;0;0;0;0;0;
668;Põletan kodus;0;0;0;1;0;0;0;
669;Panen segaolmejäätme prügikonteinerisse;0;1;0;0;0;0;0;
670;Panen segaolmejäätme prügikonteinerisse;0;1;0;0;0;0;0;
671;Rõivakonteineritesse, Panen segaolmejäätme prügikonteinerisse;1;1;0;0;0;0;0;
672;Panen segaolmejäätme prügikonteinerisse, Viin eraldi jäätmejaama;0;1;1;0;0;0;0;
673;Rõivakonteineritesse;1;0;0;0;0;0;0;
674;Viin eraldi jäätmejaama, H&M kogumiskast;0;0;1;0;0;0;1;H&M kogumiskast
675;Panen segaolmejäätme prügikonteinerisse;0;1;0;0;0;0;0;
676;Panen olmejäätme prügikonteinerisse;0;0;0;0;0;0;1;Panen olmejäätme prügikonteinerisse
677;Panen olmejäätme prügikonteinerisse;0;0;0;0;0;0;1;Panen olmejäätme prügikonteinerisse
